timestamp,sensor_id,temperature,label
2025-10-16 14:51:47,2,90.39670917424239,1
2025-10-16 14:51:48,2,90.0425601472047,1
2025-10-16 14:51:49,2,89.37077939396464,1
2025-10-16 14:51:50,2,88.77830776740416,1
2025-10-16 14:51:51,2,88.1961879591956,1
2025-10-16 14:51:52,2,88.25693445857306,1
2025-10-16 14:51:53,2,88.05627297176335,1
2025-10-16 14:51:54,2,87.260767643504,1
2025-10-16 14:51:55,2,87.01566503296023,1
2025-10-16 14:51:56,2,86.36272061382594,1
2025-10-16 14:51:57,2,86.41788847627723,1
2025-10-16 14:51:58,2,86.0792536737172,1
2025-10-16 14:51:59,2,85.7311852784729,1
2025-10-16 14:52:00,2,85.13955363760473,1
2025-10-16 14:52:01,2,85.13229205473526,1
2025-10-16 14:52:02,2,84.25017858007968,1
2025-10-16 14:52:03,2,84.00377209679883,1
2025-10-16 14:52:04,2,83.37722160659233,1
2025-10-16 14:52:05,2,83.01458421327956,1
2025-10-16 14:52:06,2,83.6455506690692,1
2025-10-16 14:52:07,2,82.43999398853683,1
2025-10-16 14:52:08,2,82.11380343569112,1
2025-10-16 14:52:09,2,82.04898653494924,1
2025-10-16 14:52:10,2,81.1965060030669,1
2025-10-16 14:52:11,2,81.10988971664167,1
2025-10-16 14:52:12,2,80.48009970677042,1
2025-10-16 14:52:13,2,80.34372521373425,1
2025-10-16 14:52:14,2,79.36536461156751,1
2025-10-16 14:52:15,2,79.47972674630445,1
2025-10-16 14:52:16,2,78.97801480519759,1
2025-10-16 14:52:17,2,78.31055691887121,1
2025-10-16 14:52:18,2,78.02658067439955,1
2025-10-16 14:52:19,2,77.8462289182938,1
2025-10-16 14:52:20,2,78.09925237190251,1
2025-10-16 14:52:21,2,77.14250079599672,1
2025-10-16 14:52:22,2,76.5478688147889,1
2025-10-16 14:52:23,2,75.96498853823697,1
2025-10-16 14:52:24,2,76.23806748377962,1
2025-10-16 14:52:25,2,75.09823638037358,1
2025-10-16 14:52:26,2,75.99741038593605,1
2025-10-16 14:52:27,2,75.03657455346253,1
2025-10-16 14:52:28,2,74.61989946878343,1
2025-10-16 14:52:29,2,74.47797896999255,1
2025-10-16 14:52:30,2,73.63258022275744,1
2025-10-16 14:52:31,2,73.73744683697991,1
2025-10-16 14:52:32,2,73.73868685255869,1
2025-10-16 14:52:33,2,72.50404285829059,1
2025-10-16 14:52:34,2,72.67833217784599,1
2025-10-16 14:52:35,2,72.63124182415862,1
2025-10-16 14:52:36,2,71.65196778051074,1
2025-10-16 14:52:37,2,71.16922815464216,1
2025-10-16 14:52:38,2,70.77853615351418,1
2025-10-16 14:52:39,2,70.84323335821946,1
2025-10-16 14:52:40,2,69.51828568553229,1
2025-10-16 14:52:41,2,69.42148400174013,1
2025-10-16 14:52:42,2,69.3899388969837,1
2025-10-16 14:52:43,2,68.69393214068631,1
2025-10-16 14:52:44,2,68.56479377254799,1
2025-10-16 14:52:45,2,68.59462628969922,1
2025-10-16 14:52:46,2,68.14092604018963,1
2025-10-16 14:52:47,2,67.1718951236509,1
2025-10-16 14:52:48,2,66.488000120869,1
2025-10-16 14:52:49,2,66.47692437592279,1
2025-10-16 14:52:50,2,66.46114029069308,1
2025-10-16 14:52:51,2,65.73856668816674,1
2025-10-16 14:52:52,2,65.77852848076681,1
2025-10-16 14:52:53,2,65.18847023431438,1
2025-10-16 14:52:54,2,64.6350858745504,1
2025-10-16 14:52:55,2,64.06136988538424,1
2025-10-16 14:52:56,2,63.30079839801048,1
2025-10-16 14:52:57,2,63.63938579189045,1
2025-10-16 14:52:58,2,63.459231706465104,1
2025-10-16 14:52:59,2,62.65547332536768,1
2025-10-16 14:53:00,2,62.805754598417586,1
2025-10-16 14:53:01,2,61.75046062113784,1
2025-10-16 14:53:02,2,62.079831617890946,1
2025-10-16 14:53:03,2,61.29858647177686,1
2025-10-16 14:53:04,2,60.977790100249685,1
2025-10-16 14:53:05,2,60.90770259892031,1
2025-10-16 14:53:06,2,60.25629340310322,1
2025-10-16 14:53:07,2,60.14702761208505,1
2025-10-16 14:53:08,2,59.253695505593114,1
2025-10-16 14:53:09,2,59.51446612655041,1
2025-10-16 14:53:10,2,58.438468971445246,1
2025-10-16 14:53:11,2,58.221896712454274,1
2025-10-16 14:53:12,2,57.92108089694932,1
2025-10-16 14:53:13,2,57.673708589766086,1
2025-10-16 14:53:14,2,57.41249587346831,1
2025-10-16 14:53:15,2,56.57406755783662,1
2025-10-16 14:53:16,2,56.319631891168996,1
2025-10-16 14:53:17,2,56.024768862803086,1
2025-10-16 14:53:18,2,55.60938104022048,1
2025-10-16 14:53:19,2,55.61446017323954,1
2025-10-16 14:53:20,2,55.46683673277248,1
2025-10-16 14:53:21,2,54.94016599424304,1
2025-10-16 14:53:22,2,54.16520197500053,1
2025-10-16 14:53:23,2,53.25738100236971,1
2025-10-16 14:53:24,2,53.182924896157346,1
2025-10-16 14:53:25,2,52.85568019987261,1
2025-10-16 14:53:26,2,52.74932711597885,1
2025-10-16 14:53:27,2,52.12786143195039,1
2025-10-16 14:53:28,2,52.10713147623039,1
2025-10-16 14:53:29,2,51.43068686817681,1
2025-10-16 14:53:30,2,50.83140982090409,1
2025-10-16 14:53:31,2,50.84442561168604,1
2025-10-16 14:53:32,2,50.835301159833236,1
2025-10-16 14:53:33,2,50.456888845562766,1
2025-10-16 14:53:34,2,50.34091701691622,1
2025-10-16 14:53:35,2,49.68248634737919,1
2025-10-16 14:53:36,2,49.1260305794996,1
2025-10-16 14:53:37,2,48.184152187754314,1
2025-10-16 14:53:38,2,48.09745578315805,1
2025-10-16 14:53:39,2,48.042508349018846,1
2025-10-16 14:53:40,2,47.260965642663216,1
2025-10-16 14:53:41,3,90.11674858808286,1
2025-10-16 14:53:41,2,46.962700087598954,1
2025-10-16 14:53:42,3,89.55303037823172,1
2025-10-16 14:53:42,2,46.776487371396215,1
2025-10-16 14:53:43,3,87.64263727477574,1
2025-10-16 14:53:43,2,46.52019935980134,1
2025-10-16 14:53:44,3,87.02049698695431,1
2025-10-16 14:53:44,2,46.071497828816916,1
2025-10-16 14:53:45,2,45.345715683616234,1
2025-10-16 14:53:45,3,85.84162622179265,1
2025-10-16 14:53:46,3,84.52492478601572,1
2025-10-16 14:53:46,2,45.94576055254586,1
2025-10-16 14:53:47,2,45.18059097327885,1
2025-10-16 14:53:47,3,84.00134072648612,1
2025-10-16 14:53:48,2,44.78073637713312,1
2025-10-16 14:53:48,3,82.52189653766686,1
2025-10-16 14:53:49,3,81.72419495755572,1
2025-10-16 14:53:49,2,44.14162803202493,1
2025-10-16 14:53:50,2,43.573298136777765,1
2025-10-16 14:53:50,3,80.69496707382399,1
2025-10-16 14:53:51,3,79.39746280993944,1
2025-10-16 14:53:51,2,43.275787079191424,1
2025-10-16 14:53:52,2,43.24965730152235,1
2025-10-16 14:53:52,3,78.31289550286287,1
2025-10-16 14:53:53,3,77.42540688120228,1
2025-10-16 14:53:53,2,42.160371399094025,1
2025-10-16 14:53:54,3,76.25312758293475,1
2025-10-16 14:53:55,3,75.65726451015975,1
2025-10-16 14:53:56,3,74.02955598065957,1
2025-10-16 14:53:57,3,73.15366016706125,1
2025-10-16 14:53:58,3,72.07935209571302,1
2025-10-16 14:53:59,3,70.90144451033815,1
2025-10-16 14:54:00,3,69.97769368304446,1
2025-10-16 14:54:01,3,68.50216457298643,1
2025-10-16 14:54:02,3,67.8159860170935,1
2025-10-16 14:54:03,3,66.56841075560236,1
2025-10-16 14:54:04,3,65.94729037966736,1
2025-10-16 14:54:05,3,64.49560526897368,1
2025-10-16 14:54:06,3,63.322465387353645,1
2025-10-16 14:54:07,3,62.682029085716174,1
2025-10-16 14:54:08,3,61.24873502410549,1
2025-10-16 14:54:09,3,60.549213271196756,1
2025-10-16 14:54:10,3,59.68725058451563,1
2025-10-16 14:54:11,3,58.01650804193984,1
2025-10-16 14:54:12,3,56.91986391842713,1
2025-10-16 14:54:13,3,55.86398590707602,1
2025-10-16 14:54:14,3,54.730398099063905,1
2025-10-16 14:54:15,3,54.08797247276461,1
2025-10-16 14:54:16,3,52.87020314040869,1
2025-10-16 14:54:17,3,51.90433761097714,1
2025-10-16 14:54:18,3,51.31909344069043,1
2025-10-16 14:54:19,3,49.5073425204538,1
2025-10-16 14:54:20,3,49.07125574998501,1
2025-10-16 15:20:41,3,89.6670302104171,1
2025-10-16 15:20:42,3,89.53427748028712,1
2025-10-16 15:20:43,3,89.2346822338721,1
2025-10-16 15:20:44,3,88.79804858110506,1
2025-10-16 15:20:45,3,88.38613096583104,1
2025-10-16 15:20:46,3,88.0445057628936,1
2025-10-16 15:20:47,3,87.47511100590863,1
2025-10-16 15:20:48,3,87.30585229650877,1
2025-10-16 15:20:49,3,86.89710758804507,1
2025-10-16 15:20:50,3,86.1737107353945,1
2025-10-16 15:20:51,3,86.08898255825567,1
2025-10-16 15:20:52,3,85.78161023505011,1
2025-10-16 15:20:53,3,85.35227495488284,1
2025-10-16 15:20:54,3,84.28929607113243,1
2025-10-16 15:20:55,3,84.93664355830226,1
2025-10-16 15:20:56,3,84.51418309565527,1
2025-10-16 15:20:57,3,83.79751971370635,1
2025-10-16 15:20:58,3,83.42568988502877,1
2025-10-16 15:20:59,3,82.71756970481634,1
2025-10-16 15:21:00,3,82.9861953065689,1
2025-10-16 15:21:01,3,82.2997970708351,1
2025-10-16 15:21:02,3,82.09875995811981,1
2025-10-16 15:21:03,3,81.39036073088927,1
2025-10-16 15:21:04,3,80.73207423995714,1
2025-10-16 15:21:05,3,81.12596088443274,1
2025-10-16 15:21:06,3,80.81068265027808,1
2025-10-16 15:21:07,3,80.39343797183209,1
2025-10-16 15:21:08,3,79.40149580149637,1
2025-10-16 15:21:09,3,79.6528436970702,1
2025-10-16 15:21:10,3,78.68078604104372,1
2025-10-16 15:21:11,3,78.40199895439045,1
2025-10-16 15:21:12,3,77.83772458952187,1
2025-10-16 15:21:13,3,77.38096729448687,1
2025-10-16 15:21:14,3,77.32462469211161,1
2025-10-16 15:21:15,3,77.0592240439107,1
2025-10-16 15:21:16,3,76.43050614177461,1
2025-10-16 15:21:17,3,76.48525298803513,1
2025-10-16 15:21:18,3,75.9999843223383,1
2025-10-16 15:21:19,3,75.08298794433546,1
2025-10-16 15:21:20,3,74.99870162606189,1
2025-10-16 15:21:21,3,74.79257362165914,1
2025-10-16 15:21:22,3,74.02566939206119,1
2025-10-16 15:21:23,3,73.4431319041878,1
2025-10-16 15:21:24,3,73.7862943553131,1
2025-10-16 15:21:25,3,72.27766149374794,1
2025-10-16 15:21:26,3,72.73001991502937,1
2025-10-16 15:21:27,3,72.26444487353521,1
2025-10-16 15:21:28,3,71.81277582428693,1
2025-10-16 15:21:29,3,71.31698894346324,1
2025-10-16 15:21:30,3,71.43140700615903,1
2025-10-16 15:21:31,3,71.18604685407752,1
2025-10-16 15:21:32,3,70.47679403498431,1
2025-10-16 15:21:33,3,70.12565197202899,1
2025-10-16 15:21:34,3,69.40109812543798,1
2025-10-16 15:21:35,3,69.42495949372575,1
2025-10-16 15:21:36,3,68.63252093254705,1
2025-10-16 15:21:37,3,68.22082465469379,1
2025-10-16 15:21:38,3,68.1725514236281,1
2025-10-16 15:21:39,3,67.40663091591315,1
2025-10-16 15:21:40,3,66.9117675570299,1
2025-10-16 15:21:41,3,66.9374661338688,1
2025-10-16 15:21:42,3,66.30941778891048,1
2025-10-16 15:21:43,3,66.38311478210204,1
2025-10-16 15:21:44,3,65.98098359894419,1
2025-10-16 15:21:45,3,65.13753594052132,1
2025-10-16 15:21:46,3,64.78216009633894,1
2025-10-16 15:21:47,3,64.43499955671349,1
2025-10-16 15:21:48,3,63.34531535915297,1
2025-10-16 15:21:49,3,63.361293406032736,1
2025-10-16 15:21:50,3,63.22233731590185,1
2025-10-16 15:21:51,3,62.9565579044796,1
2025-10-16 15:21:52,3,62.40838016853004,1
2025-10-16 15:21:53,3,62.140697594665674,1
2025-10-16 15:21:54,3,61.53784500679683,1
2025-10-16 15:21:55,3,60.920728311030594,1
2025-10-16 15:21:56,3,61.16161363582013,1
2025-10-16 15:21:57,3,60.686226729087146,1
2025-10-16 15:21:58,3,59.537793876257865,1
2025-10-16 15:21:59,3,59.94968598499884,1
2025-10-16 15:22:00,3,59.05083727698908,1
2025-10-16 15:22:01,3,59.110165304325996,1
2025-10-16 15:22:02,3,58.71445813903862,1
2025-10-16 15:22:03,3,57.70538793090397,1
2025-10-16 15:22:04,3,58.20141702199057,1
2025-10-16 15:22:05,3,57.45179534307125,1
2025-10-16 15:22:06,3,57.13937242790252,1
2025-10-16 15:22:07,3,56.47507916135867,1
2025-10-16 15:22:08,3,56.01327690527709,1
2025-10-16 15:22:09,3,55.904808254632286,1
2025-10-16 15:22:10,3,55.871239966246485,1
2025-10-16 15:22:11,3,55.02855106563912,1
2025-10-16 15:22:12,3,55.10078054432747,1
2025-10-16 15:22:13,3,54.470087480499025,1
2025-10-16 15:22:14,3,53.94637089554906,1
2025-10-16 15:22:15,3,54.036049426505066,1
2025-10-16 15:22:16,3,53.403283968077915,1
2025-10-16 15:22:17,3,52.98728348000787,1
2025-10-16 15:22:18,3,52.18687852250721,1
2025-10-16 15:48:19,3,89.97727755434616,1
2025-10-16 15:48:20,3,88.75033306397631,1
2025-10-16 15:48:21,3,87.69957034895826,1
2025-10-16 15:48:22,3,87.18875141021533,1
2025-10-16 15:48:23,3,86.05270494726926,1
2025-10-16 15:48:24,3,85.28801635029869,1
2025-10-16 15:48:25,3,84.37363824806675,1
2025-10-16 15:48:26,3,83.36455111189076,1
2025-10-16 15:48:27,3,82.74854542362226,1
2025-10-16 15:48:28,3,81.85027098288197,1
2025-10-16 15:48:29,3,80.41447634759754,1
2025-10-16 15:48:30,3,79.24118871617046,1
2025-10-16 15:48:31,3,79.12913451652395,1
2025-10-16 15:48:32,3,77.59094629477029,1
2025-10-16 15:48:33,3,77.00887175520212,1
2025-10-16 15:48:34,3,76.41952740201138,1
2025-10-16 15:48:35,3,75.16127519604134,1
2025-10-16 15:48:36,3,74.15589597858659,1
2025-10-16 15:48:37,3,73.24526513698228,1
2025-10-16 15:48:38,3,72.6342558628838,1
2025-10-16 15:48:39,3,71.6915403989589,1
2025-10-16 15:48:40,3,69.8100898138197,1
2025-10-16 15:48:41,3,69.35491776894341,1
2025-10-16 15:48:42,3,68.03318849071259,1
2025-10-16 15:48:43,3,67.20376076143087,1
2025-10-16 15:48:44,3,66.53837242141047,1
2025-10-16 15:48:45,3,65.1190732064662,1
2025-10-16 15:48:46,3,65.0969261200629,1
2025-10-16 15:48:47,3,63.84496249204678,1
2025-10-16 15:48:48,3,63.12646103019804,1
2025-10-16 15:48:49,3,61.751968350713035,1
2025-10-16 15:48:50,3,60.58355985983688,1
2025-10-16 15:48:51,3,59.54213580149284,1
2025-10-16 15:48:52,3,58.58936772732656,1
2025-10-16 15:48:53,3,57.55501406715091,1
2025-10-16 15:48:54,3,56.757239764426735,1
2025-10-16 15:48:55,3,56.19836684683224,1
2025-10-16 15:48:56,3,55.154935545822696,1
2025-10-16 15:48:57,3,54.5937337111736,1
2025-10-16 15:48:58,3,53.29886214941224,1
2025-10-16 15:48:59,3,52.04820646584848,1
2025-10-16 15:49:00,3,51.47872237576417,1
2025-10-16 16:54:16,3,89.71274242449552,1
2025-10-16 16:54:17,3,90.01329319750491,1
2025-10-16 16:54:18,3,89.54435192342906,1
2025-10-16 16:54:19,3,89.0023910568684,1
2025-10-16 16:54:20,3,88.4795378865238,1
2025-10-16 16:54:21,3,88.46973830593232,1
2025-10-16 16:54:22,3,88.12965957136048,1
2025-10-16 16:54:23,3,87.48787195017871,1
2025-10-16 16:54:24,3,87.29151443075632,1
2025-10-16 16:54:25,3,86.88587740736773,1
2025-10-16 16:54:26,3,87.26084093640347,1
2025-10-16 16:54:27,3,86.4403499025584,1
2025-10-16 16:54:28,3,86.03001841142587,1
2025-10-16 16:54:29,3,85.39530118127261,1
2025-10-16 16:54:30,3,85.64132470343073,1
2025-10-16 16:54:31,3,85.12342044824892,1
2025-10-16 16:54:32,3,84.82152046066655,1
2025-10-16 16:54:33,3,83.85321910737393,1
2025-10-16 16:54:34,3,84.54313925452283,1
2025-10-16 16:54:35,3,83.67421610294869,1
2025-10-16 16:54:36,3,83.73324938636839,1
2025-10-16 16:54:37,3,83.67598450961732,1
2025-10-16 16:54:38,3,83.2668265649292,1
2025-10-16 16:54:39,3,83.11098628853868,1
2025-10-16 16:54:40,3,82.14447353219987,1
2025-10-16 16:54:41,3,82.24239083839178,1
2025-10-16 16:54:42,3,81.7323781500175,1
2025-10-16 16:54:43,3,81.77608993536177,1
2025-10-16 16:54:44,3,81.3208037938774,1
2025-10-16 16:54:45,3,80.84272824007442,1
2025-10-16 16:54:46,3,80.45897032316975,1
2025-10-16 16:54:47,3,80.41903744258762,1
2025-10-16 16:54:48,3,80.04388624665648,1
2025-10-16 16:54:49,3,79.3375870295366,1
2025-10-16 16:54:50,3,78.98061708092405,1
2025-10-16 16:54:51,3,79.03782144405142,1
2025-10-16 16:54:52,3,78.64703212380314,1
2025-10-16 16:54:53,3,78.1312197347196,1
2025-10-16 16:54:54,3,78.65722361424544,1
2025-10-16 16:54:55,3,77.00377541540989,1
2025-10-16 16:54:56,3,77.23303523235397,1
2025-10-16 16:54:57,3,77.43792333622766,1
2025-10-16 16:54:58,3,76.46964880215535,1
2025-10-16 16:54:59,3,76.11625374914918,1
2025-10-16 16:55:00,3,76.45632077985283,1
2025-10-16 16:55:01,3,75.58827550214205,1
2025-10-16 16:55:02,3,75.79513050348399,1
2025-10-16 16:55:03,3,75.56727910431587,1
2025-10-16 16:55:04,3,75.31566965518493,1
2025-10-16 16:55:05,3,74.14472537505172,1
2025-10-16 16:55:06,3,74.16017092581119,1
2025-10-16 16:55:07,3,74.07709468333816,1
2025-10-16 16:55:08,3,73.27708914027386,1
2025-10-16 16:55:09,3,73.33051876748445,1
2025-10-16 16:55:10,3,72.47410435792106,1
2025-10-16 16:55:11,3,72.75510256516797,1
2025-10-16 16:55:12,3,72.21736005988505,1
2025-10-16 16:55:13,3,72.07402114209144,1
2025-10-16 16:55:14,3,71.77163397866198,1
2025-10-16 16:55:15,3,71.43711407358524,1
2025-10-16 16:55:16,3,70.89825837905592,1
2025-10-16 16:55:17,3,70.45639006469584,1
2025-10-16 16:55:18,3,70.54772574866504,1
2025-10-16 16:55:19,3,69.98535795777025,1
2025-10-16 16:55:20,3,69.8844926392119,1
2025-10-16 16:55:21,3,69.49920137927525,1
2025-10-16 16:55:22,3,69.2171885959146,1
2025-10-16 16:55:23,3,69.24836119965907,1
2025-10-16 16:55:24,3,69.01691290361839,1
2025-10-16 16:55:25,3,68.0832344363905,1
2025-10-16 16:55:26,3,66.90625443013262,1
2025-10-16 16:55:27,3,67.63467126867425,1
2025-10-16 16:55:28,3,67.65874880954502,1
2025-10-16 16:55:29,3,67.36271663813135,1
2025-10-16 16:55:30,3,66.54097292313489,1
2025-10-16 16:55:31,3,66.53291194674279,1
2025-10-16 16:55:32,3,66.19488374912265,1
2025-10-16 16:55:33,3,65.05222159687162,1
2025-10-16 16:55:34,3,65.30641262863949,1
2025-10-16 16:55:35,3,64.88651385049074,1
2025-10-16 16:55:36,3,65.29346942250285,1
2025-10-16 16:55:37,3,63.77090622223098,1
2025-10-16 16:55:38,3,64.28558066669608,1
2025-10-16 16:55:39,3,64.20458179159851,1
2025-10-16 16:55:40,3,63.97959045987055,1
2025-10-16 16:55:41,3,63.2134540689434,1
2025-10-16 16:55:42,3,62.338141999710736,1
2025-10-16 16:55:43,3,62.94438693801704,1
2025-10-16 16:55:44,3,61.61620042870639,1
2025-10-16 16:55:45,3,62.11834742699761,1
2025-10-16 16:55:46,3,61.79924304173473,1
2025-10-16 16:55:47,3,61.302156574485,1
2025-10-16 16:55:48,3,61.4183203555528,1
2025-10-16 16:55:49,3,60.24535526298586,1
2025-10-16 16:55:50,3,60.34412538752343,1
2025-10-16 16:55:51,3,60.107458438674925,1
2025-10-16 16:55:52,3,59.80066647956095,1
2025-10-16 16:55:53,3,60.01898851744833,1
2025-10-16 16:55:54,3,59.29540172997575,1
2025-10-16 16:55:55,3,59.68585780343102,1
2025-10-16 16:55:56,3,58.81250581746686,1
2025-10-16 16:55:57,3,58.110245593185624,1
2025-10-16 16:55:58,3,57.815949606909506,1
2025-10-16 16:55:59,3,57.08051818948728,1
2025-10-16 16:56:00,3,57.31133404455217,1
2025-10-16 16:56:01,3,57.346359642314226,1
2025-10-16 16:56:02,3,56.42161341443661,1
2025-10-16 16:56:03,3,56.061997431175804,1
2025-10-16 16:56:04,3,55.93826987753435,1
2025-10-16 16:56:05,3,55.63171916334086,1
2025-10-16 16:56:06,3,55.874239435406245,1
2025-10-16 16:56:07,3,54.5141966428841,1
2025-10-16 16:56:08,3,54.460730630327404,1
2025-10-16 16:56:09,3,54.4419568397276,1
2025-10-16 16:56:10,3,54.52306894019371,1
2025-10-16 16:56:11,3,53.91766897223847,1
2025-10-16 16:56:12,3,53.51081354619998,1
2025-10-16 16:56:13,3,53.37433222807298,1
2025-10-16 16:56:14,3,53.098250281717725,1
2025-10-16 16:56:15,3,52.139628502362896,1
2025-10-16 16:56:16,3,52.1585480824123,1
2025-10-16 16:56:17,3,51.879104303150655,1
2025-10-16 16:56:18,3,51.42380381803613,1
2025-10-16 16:56:19,3,50.83988710481372,1
2025-10-16 16:56:20,3,50.682749286180176,1
2025-10-16 16:56:21,3,51.01293065674451,1
2025-10-16 16:56:22,3,50.201869596848105,1
2025-10-16 16:56:23,3,50.185436536548096,1
2025-10-16 16:56:24,3,49.52233494827155,1
2025-10-16 16:56:25,3,49.7198544094141,1
2025-10-16 17:37:01,2,90.32645307782707,1
2025-10-16 17:37:02,2,88.97481679793034,1
2025-10-16 17:37:03,2,88.98143652809189,1
2025-10-16 17:37:04,2,88.75275354871387,1
2025-10-16 17:37:05,2,87.81457772788218,1
2025-10-16 17:37:06,2,87.82255595019065,1
2025-10-16 17:37:07,2,87.69987265314421,1
2025-10-16 17:37:08,2,86.88284393736066,1
2025-10-16 17:37:09,2,86.9080173655155,1
2025-10-16 17:37:10,2,86.27766204250399,1
2025-10-16 17:37:11,2,85.90435632184801,1
2025-10-16 17:37:12,2,85.96636172738789,1
2025-10-16 17:37:13,2,84.99092983121062,1
2025-10-16 17:37:14,2,84.49608211882409,1
2025-10-16 17:37:15,2,84.30271295217644,1
2025-10-16 17:37:16,2,83.41659563663123,1
2025-10-16 17:37:17,2,83.54115243618152,1
2025-10-16 17:37:18,2,82.62654834022374,1
2025-10-16 17:37:19,2,82.57214090155809,1
2025-10-16 17:37:20,2,82.36609888788038,1
2025-10-16 17:37:21,2,82.46578946478348,1
2025-10-16 17:37:22,2,81.36569338544278,1
2025-10-16 17:37:23,2,80.94874292907768,1
2025-10-16 17:37:24,2,80.36603442767364,1
2025-10-16 17:37:25,2,80.15428681726529,1
2025-10-16 17:37:26,2,80.04836841885698,1
2025-10-16 17:37:27,2,79.43137582820596,1
2025-10-16 17:37:28,2,78.77935406472287,1
2025-10-16 17:37:29,2,78.43403734701516,1
2025-10-16 17:37:30,2,77.99034774405584,1
2025-10-16 17:37:31,2,77.07337359622007,1
2025-10-16 17:37:32,2,76.86824873796105,1
2025-10-16 17:37:33,2,76.4251959594598,1
2025-10-16 17:37:34,2,75.90610607182781,1
2025-10-16 17:37:35,2,75.53142837653671,1
2025-10-16 17:37:36,2,75.43750666584752,1
2025-10-16 17:37:37,2,74.49654402943438,1
2025-10-16 17:37:38,2,74.31803142101958,1
2025-10-16 17:37:39,2,74.87308275021385,1
2025-10-16 17:37:40,2,73.4881118520798,1
2025-10-16 17:37:41,2,73.20191366369731,1
2025-10-16 17:37:42,2,73.23001783635453,1
2025-10-16 17:37:43,2,72.23645362803458,1
2025-10-16 17:37:44,2,71.81823756337589,1
2025-10-16 17:37:45,2,71.65006703437642,1
2025-10-16 17:37:46,2,71.48813710117709,1
2025-10-16 17:37:47,2,70.380063277457,1
2025-10-16 17:37:48,2,70.80022824303288,1
2025-10-16 17:37:49,2,70.32803911649441,1
2025-10-16 17:37:50,2,69.27386417292854,1
2025-10-16 17:37:51,2,68.94157611163907,1
2025-10-16 17:37:52,2,68.42122307384372,1
2025-10-16 17:37:53,2,68.35385615279037,1
2025-10-16 17:37:54,2,67.23646201059707,1
2025-10-16 17:37:55,2,67.98773232146185,1
2025-10-16 17:37:56,2,66.73295079120174,1
2025-10-16 17:37:57,2,66.47509364270545,1
2025-10-16 17:37:58,2,66.25552360938711,1
2025-10-16 17:37:59,2,65.90620876186351,1
2025-10-16 17:38:00,2,65.09091878507766,1
2025-10-16 17:38:01,2,64.8625337210634,1
2025-10-16 17:38:02,2,64.0770073764647,1
2025-10-16 17:38:03,2,64.02547963877127,1
2025-10-16 17:38:04,2,64.05412894881174,1
2025-10-16 17:38:05,2,63.20456285221893,1
2025-10-16 17:38:06,2,63.007772258781344,1
2025-10-16 17:38:07,2,62.02320097471761,1
2025-10-16 17:38:08,2,62.17859795587578,1
2025-10-16 17:38:09,2,61.40466904037207,1
2025-10-16 17:38:10,2,60.890607993202124,1
2025-10-16 17:38:11,2,60.70313529824288,1
2025-10-16 17:38:12,2,60.17766261918984,1
2025-10-16 17:38:13,2,59.62203482473185,1
2025-10-16 17:38:14,2,59.28669633623558,1
2025-10-16 17:38:15,2,59.14149366096118,1
2025-10-16 17:38:16,2,58.8202964086449,1
2025-10-16 17:38:17,2,57.707410967326474,1
2025-10-16 17:38:18,2,57.95200255225107,1
2025-10-16 17:38:19,2,57.50832612843196,1
2025-10-16 17:38:20,2,56.70475882340777,1
2025-10-16 17:38:21,2,56.317935737396525,1
2025-10-16 17:38:22,2,56.1895999317964,1
2025-10-16 17:38:23,2,55.736689036916324,1
2025-10-16 17:38:24,2,55.18353727360957,1
2025-10-16 17:38:25,2,55.257052698976416,1
2025-10-16 17:38:26,2,54.56295238858736,1
2025-10-16 17:38:27,2,54.031949404572316,1
2025-10-16 17:38:28,2,53.43963267741703,1
2025-10-16 17:38:29,2,53.02140123308452,1
2025-10-16 17:38:30,2,52.67491900160723,1
2025-10-16 17:38:31,2,51.98385302907133,1
2025-10-16 17:38:32,2,51.661043388163144,1
2025-10-16 17:38:33,2,50.975393299167955,1
2025-10-16 17:38:34,2,50.90879537812563,1
2025-10-16 17:38:35,2,50.18583802757246,1
2025-10-16 17:38:36,2,49.829445705505385,1
2025-10-16 18:15:41,4,90.57132791490449,1
2025-10-16 18:15:42,4,89.60935454459839,1
2025-10-16 18:15:43,4,89.44530329109995,1
2025-10-16 18:15:44,4,88.91312815993979,1
2025-10-16 18:15:45,4,89.04508708491517,1
2025-10-16 18:15:46,4,88.4034710192243,1
2025-10-16 18:15:47,4,87.98444506145619,1
2025-10-16 18:15:48,4,88.89691575076701,1
2025-10-16 18:15:49,4,87.69244081538247,1
2025-10-16 18:15:50,4,87.69079761625294,1
2025-10-16 18:15:51,4,87.46969242919744,1
2025-10-16 18:15:52,4,86.72757323425779,1
2025-10-16 18:15:53,4,87.35599827523023,1
2025-10-16 18:15:54,4,86.96039063333941,1
2025-10-16 18:15:55,4,86.95759651044258,1
2025-10-16 18:15:56,4,85.71055559751696,1
2025-10-16 18:15:57,4,86.05951320789909,1
2025-10-16 18:15:58,4,85.68099122140283,1
2025-10-16 18:15:59,4,85.58256128838454,1
2025-10-16 18:16:00,4,85.56882266660409,1
2025-10-16 18:16:01,4,85.19922431396178,1
2025-10-16 18:16:02,4,84.9112306388944,1
2025-10-16 18:16:03,4,84.37088983525811,1
2025-10-16 18:16:04,4,84.16243026424446,1
2025-10-16 18:16:05,4,84.29426089754003,1
2025-10-16 18:16:06,4,83.08469299400369,1
2025-10-16 18:16:07,4,83.37134732055722,1
2025-10-16 18:16:08,4,83.51914135434355,1
2025-10-16 18:16:09,4,83.53820051341573,1
2025-10-16 18:16:10,4,82.75169685872694,1
2025-10-16 18:16:11,4,82.94769577904438,1
2025-10-16 18:16:12,4,82.16682178918293,1
2025-10-16 18:16:13,4,82.41416919941287,1
2025-10-16 18:16:14,4,81.87817108165744,1
2025-10-16 18:16:15,4,82.52179876776383,1
2025-10-16 18:16:16,4,81.53474471987467,1
2025-10-16 18:16:17,4,81.0626869983048,1
2025-10-16 18:16:18,4,81.62535021207535,1
2025-10-16 18:16:19,4,80.7749553757622,1
2025-10-16 18:16:20,4,80.26356952008109,1
2025-10-16 18:16:21,4,79.8784396823544,1
2025-10-16 18:16:22,4,80.35299888560529,1
2025-10-16 18:16:23,4,80.2371079851237,1
2025-10-16 18:16:24,4,79.4578316083774,1
2025-10-16 18:16:25,4,78.74171448148783,1
2025-10-16 18:16:26,4,79.03069264267224,1
2025-10-16 18:16:27,4,78.74869483385432,1
2025-10-16 18:16:28,4,78.07307331063534,1
2025-10-16 18:16:29,4,77.92170531638631,1
2025-10-16 18:16:30,4,78.29040123550314,1
2025-10-16 18:16:31,4,77.61166444409828,1
2025-10-16 18:16:32,4,77.46096378876442,1
2025-10-16 18:16:33,4,77.02701826371403,1
2025-10-16 18:16:34,4,76.77453069522485,1
2025-10-16 18:16:35,4,76.61827940527515,1
2025-10-16 18:16:36,4,76.34931158558975,1
2025-10-16 18:16:37,4,76.47216421153209,1
2025-10-16 18:16:38,4,75.77811437917705,1
2025-10-16 18:16:39,4,75.6197152159771,1
2025-10-16 18:16:40,4,75.83156851987604,1
2025-10-16 18:16:41,4,75.3623171052087,1
2025-10-16 18:16:42,4,75.02004404238777,1
2025-10-16 18:16:43,4,74.65403802303896,1
2025-10-16 18:16:44,4,74.64007149984765,1
2025-10-16 18:16:45,4,74.74326024717857,1
2025-10-16 18:16:46,4,73.69486029347448,1
2025-10-16 18:16:47,4,73.5780615466372,1
2025-10-16 18:16:48,4,73.68086858818691,1
2025-10-16 18:16:49,4,73.47983712890053,1
2025-10-16 18:16:50,4,73.22743921138947,1
2025-10-16 18:16:51,4,73.06871626043134,1
2025-10-16 18:16:52,4,72.53298617236194,1
2025-10-16 18:16:53,4,72.24348751155563,1
2025-10-16 18:16:54,4,72.53165795015872,1
2025-10-16 18:16:55,4,71.58040675005175,1
2025-10-16 18:16:56,4,71.78538077732344,1
2025-10-16 18:16:57,4,71.60933098917948,1
2025-10-16 18:16:58,4,71.36077016606411,1
2025-10-16 18:16:59,4,71.00514597922385,1
2025-10-16 18:17:00,4,70.79821922089334,1
2025-10-16 18:17:01,4,70.39670172761879,1
2025-10-16 18:17:02,4,70.37868063811209,1
2025-10-16 18:17:03,4,69.47712294868236,1
2025-10-16 18:17:04,4,69.85952266715393,1
2025-10-16 18:17:05,4,69.16984486011903,1
2025-10-16 18:17:06,4,69.05653179145206,1
2025-10-16 18:17:07,4,68.59513819901727,1
2025-10-16 18:17:08,4,69.37807396177185,1
2025-10-16 18:17:09,4,68.25343806914263,1
2025-10-16 18:17:10,4,68.16577810018188,1
2025-10-16 18:17:11,4,67.56754663194563,1
2025-10-16 18:17:12,4,67.73632984567452,1
2025-10-16 18:17:13,4,67.19491298742082,1
2025-10-16 18:17:14,4,67.1396542562651,1
2025-10-16 18:17:15,4,67.1157214568226,1
2025-10-16 18:17:16,4,66.71971223827724,1
2025-10-16 18:17:17,4,66.59652659723267,1
2025-10-16 18:17:18,4,66.30331648848515,1
2025-10-16 18:17:19,4,65.94436370067628,1
2025-10-16 18:17:20,4,65.55727074937576,1
2025-10-16 18:17:21,4,65.55780124362191,1
2025-10-16 18:17:22,4,65.67392930801503,1
2025-10-16 18:17:23,4,65.28846511469939,1
2025-10-16 18:17:24,4,64.5269607803921,1
2025-10-16 18:17:25,4,64.34725910425794,1
2025-10-16 18:17:26,4,64.66989640992767,1
2025-10-16 18:17:27,4,64.37997951755044,1
2025-10-16 18:17:28,4,63.69198035881036,1
2025-10-16 18:17:29,4,64.09716281215617,1
2025-10-16 18:17:30,4,63.375891554555885,1
2025-10-16 18:17:31,4,63.35634279617308,1
2025-10-16 18:17:32,4,63.10727003315506,1
2025-10-16 18:17:33,4,62.61717904772978,1
2025-10-16 18:17:34,4,62.30249436638107,1
2025-10-16 18:17:35,4,61.85691695721562,1
2025-10-16 18:17:36,4,61.62886354854596,1
2025-10-16 18:17:37,4,62.01929312160354,1
2025-10-16 18:17:38,4,61.12077347329552,1
2025-10-16 18:17:39,4,61.162692525285145,1
2025-10-16 18:17:40,4,60.421989684459014,1
2025-10-16 18:17:41,4,60.83556216673849,1
2025-10-16 18:17:42,4,60.36819009285252,1
2025-10-16 18:17:43,4,59.8458063369249,1
2025-10-16 18:17:44,4,60.028646816390165,1
2025-10-16 18:17:45,4,59.31871826557476,1
2025-10-16 18:17:46,4,59.41410195694928,1
2025-10-16 18:17:47,4,59.0113763709432,1
2025-10-16 18:17:48,4,59.07601010160233,1
2025-10-16 18:17:49,4,58.076631719165896,1
2025-10-16 18:17:50,4,58.13967212147286,1
2025-10-16 18:17:51,4,57.976889819494765,1
2025-10-16 18:17:52,4,57.71586972497385,1
2025-10-16 18:17:53,4,58.349770714187514,1
2025-10-16 18:17:54,4,57.519992168824835,1
2025-10-16 18:17:55,4,57.75391939080735,1
2025-10-16 18:17:56,4,56.80959019672812,1
2025-10-16 18:17:57,4,56.41753578401675,1
2025-10-16 18:17:58,4,56.36131328698462,1
2025-10-16 18:17:59,4,56.863110150014144,1
2025-10-16 18:18:00,4,55.88788683311643,1
2025-10-16 18:18:01,4,55.61769914923642,1
2025-10-16 18:18:02,4,55.84899110357895,1
2025-10-16 18:18:03,4,55.34366159531158,1
2025-10-16 18:18:04,4,55.44738105402385,1
2025-10-16 18:18:05,4,54.610593226969904,1
2025-10-16 18:18:06,4,54.604378289787455,1
2025-10-16 18:18:07,4,54.74215857508966,1
2025-10-16 18:18:08,4,54.70917610224131,1
2025-10-16 18:18:09,4,53.9452176875204,1
2025-10-16 18:18:10,4,54.086524255407866,1
2025-10-16 18:18:11,4,53.4349659428739,1
2025-10-16 18:18:12,4,53.76775195713061,1
2025-10-16 18:18:13,4,53.41303784607361,1
2025-10-16 18:18:14,4,52.83549446580068,1
2025-10-16 18:18:15,4,52.62277879529945,1
2025-10-16 18:18:16,4,52.4479949510114,1
2025-10-16 18:18:17,4,52.46579232194127,1
2025-10-16 18:18:18,4,51.366157034794455,1
2025-10-16 18:18:19,4,51.22218393666421,1
2025-10-16 18:18:20,4,51.20978901865475,1
2025-10-16 18:18:21,4,51.44662065907949,1
2025-10-16 18:18:22,4,50.11898741271351,1
2025-10-16 18:18:23,4,50.057699476959904,1
2025-10-16 18:18:24,4,50.3661534599728,1
2025-10-16 18:18:25,4,49.59436640339906,1
2025-10-16 18:39:03,1,90.27098247132417,1
2025-10-16 18:39:04,1,88.48706335294324,1
2025-10-16 18:39:05,1,87.17008892219778,1
2025-10-16 18:39:06,1,85.84613303015905,1
2025-10-16 18:39:07,1,84.65247776578832,1
2025-10-16 18:39:08,1,84.03872092387802,1
2025-10-16 18:39:09,1,82.43217479126758,1
2025-10-16 18:39:10,1,80.7512526989431,1
2025-10-16 18:39:11,1,80.22567034449463,1
2025-10-16 18:39:12,1,78.7956674545846,1
2025-10-16 18:39:13,1,76.71957661712094,1
2025-10-16 18:39:14,1,75.70091733946391,1
2025-10-16 18:39:15,1,74.75258931747268,1
2025-10-16 18:39:16,1,73.44931819096723,1
2025-10-16 18:39:17,1,72.44219072600687,1
2025-10-16 18:39:18,1,70.98780666734295,1
2025-10-16 18:39:19,1,69.65306767102527,1
2025-10-16 18:39:20,1,68.49302241660949,1
2025-10-16 18:39:21,1,66.70708820596435,1
2025-10-16 18:39:22,1,65.93991317635769,1
2025-10-16 18:39:23,1,64.61753448790411,1
2025-10-16 18:39:24,1,63.13688768510187,1
2025-10-16 18:39:25,1,61.49857878219886,1
2025-10-16 18:39:26,1,60.78166550502515,1
2025-10-16 18:39:27,1,59.125129014693385,1
2025-10-16 18:39:28,1,58.10368141120725,1
2025-10-16 18:39:29,1,56.94690246028291,1
2025-10-16 18:39:30,1,55.486436765512344,1
2025-10-16 18:39:31,1,54.05729396272452,1
2025-10-16 18:39:32,1,52.73861391643231,1
2025-10-16 18:39:33,1,51.60857338236599,1
2025-10-16 18:39:34,1,50.452962308291454,1
2025-10-16 18:39:35,1,48.67042889639666,1
2025-10-16 18:39:36,1,47.755107223105426,1
2025-10-16 18:41:20,4,89.88400092021634,1
2025-10-16 18:41:21,4,89.32888102225351,1
2025-10-16 18:41:22,4,88.94663383548315,1
2025-10-16 18:41:23,4,88.8170963758223,1
2025-10-16 18:41:24,4,87.91208265948043,1
2025-10-16 18:41:25,4,88.01557135314992,1
2025-10-16 18:41:26,4,87.02084222500592,1
2025-10-16 18:41:27,4,86.2254774225578,1
2025-10-16 18:41:28,4,85.63995344585389,1
2025-10-16 18:41:29,4,85.12938111868544,1
2025-10-16 18:41:30,4,84.94859763866229,1
2025-10-16 18:41:31,4,84.31262850808089,1
2025-10-16 18:41:32,4,83.3376031646863,1
2025-10-16 18:41:33,4,83.3139794605049,1
2025-10-16 18:41:34,4,82.50567325889271,1
2025-10-16 18:41:35,4,81.59579685499439,1
2025-10-16 18:41:36,4,81.8608531144476,1
2025-10-16 18:41:37,4,81.32478694862975,1
2025-10-16 18:41:38,4,80.71688572629306,1
2025-10-16 18:41:39,4,80.42959851665117,1
2025-10-16 18:41:40,4,79.65871269864529,1
2025-10-16 18:41:41,4,79.44936543624245,1
2025-10-16 18:41:42,4,78.58473168976028,1
2025-10-16 18:41:43,4,78.04535895887017,1
2025-10-16 18:41:44,4,77.78170907733846,1
2025-10-16 18:41:45,4,76.63401339865868,1
2025-10-16 18:41:46,4,76.570691898464,1
2025-10-16 18:41:47,4,76.20149639283974,1
2025-10-16 18:41:48,4,75.71920579327336,1
2025-10-16 18:41:49,4,75.25573973411382,1
2025-10-16 18:41:50,4,74.22985377647889,1
2025-10-16 18:41:51,4,73.5827822105965,1
2025-10-16 18:41:52,4,73.23457232886581,1
2025-10-16 18:41:53,4,72.5787378159832,1
2025-10-16 18:41:54,4,73.04862392388779,1
2025-10-16 18:41:55,4,71.94443700304957,1
2025-10-16 18:41:56,4,71.17147957861302,1
2025-10-16 18:41:57,4,70.92387017335561,1
2025-10-16 18:41:58,4,69.98300540580391,1
2025-10-16 18:41:59,4,69.57159822066976,1
2025-10-16 18:42:00,4,69.54950262753454,1
2025-10-16 18:42:01,4,68.08021056080291,1
2025-10-16 18:42:02,4,67.89625379477292,1
2025-10-16 18:42:03,4,67.81862759169427,1
2025-10-16 18:42:04,4,67.50323916862618,1
2025-10-16 18:42:05,4,66.80020334172369,1
2025-10-16 18:42:06,4,65.97189884684438,1
2025-10-16 18:42:07,4,65.4903250459123,1
2025-10-16 18:42:08,4,65.22691855949918,1
2025-10-16 18:42:09,4,64.9732226262295,1
2025-10-16 18:42:10,4,63.64674080734681,1
2025-10-16 18:42:11,4,63.5421134111814,1
2025-10-16 18:42:12,4,63.08448833519905,1
2025-10-16 18:42:13,4,62.98609922261125,1
2025-10-16 18:42:14,4,61.76300239384238,1
2025-10-16 18:42:15,4,61.4544464522463,1
2025-10-16 18:42:16,4,61.23212313078658,1
2025-10-16 18:42:17,4,60.835510699049266,1
2025-10-16 18:42:18,4,59.88048363119065,1
2025-10-16 18:42:19,4,59.13951238859807,1
2025-10-16 18:42:20,4,58.53281832341056,1
2025-10-16 18:42:21,4,58.15811467046379,1
2025-10-16 18:42:22,4,57.42850415738766,1
2025-10-16 18:42:23,4,57.335872536297224,1
2025-10-16 18:42:24,4,56.64794166838101,1
2025-10-16 18:42:25,4,56.09465203446778,1
2025-10-16 18:42:26,4,56.341327342562764,1
2025-10-16 18:42:27,4,55.55905576087191,1
2025-10-16 18:42:28,4,54.95567846159213,1
2025-10-16 18:42:29,4,54.60923827941923,1
2025-10-16 18:42:30,4,53.9209566771784,1
2025-10-16 18:42:31,4,53.4153547456158,1
2025-10-16 18:42:32,4,52.8694044465229,1
2025-10-16 18:42:33,4,52.72812801207072,1
2025-10-16 18:42:34,4,52.25377336881306,1
2025-10-16 18:42:35,4,51.040169310698325,1
2025-10-16 18:42:36,4,50.30313891188047,1
2025-10-16 18:42:37,4,50.386332173536886,1
2025-10-16 18:42:38,4,49.85427348453541,1
2025-10-16 18:42:39,4,49.14488634054964,1
2025-10-16 18:58:38,4,90.05022099863722,1
2025-10-16 18:58:39,4,89.61933812418805,1
2025-10-16 18:58:40,4,88.92894674891248,1
2025-10-16 18:58:41,4,87.85982328820883,1
2025-10-16 18:58:42,4,86.97484686834422,1
2025-10-16 18:58:43,4,86.43208612246174,1
2025-10-16 18:58:44,4,87.34599192463232,1
2025-10-16 18:58:45,4,86.12713650921606,1
2025-10-16 18:58:46,4,84.89562117386726,1
2025-10-16 18:58:47,4,84.44696395983314,1
2025-10-16 18:58:48,4,84.0419474061684,1
2025-10-16 18:58:49,4,83.92833514838759,1
2025-10-16 18:58:50,4,83.19589738621967,1
2025-10-16 18:58:51,4,82.72436887830132,1
2025-10-16 18:58:52,4,82.11303650859227,1
2025-10-16 18:58:53,4,81.5416953294717,1
2025-10-16 18:58:54,4,80.27567214948436,1
2025-10-16 18:58:55,4,80.29443595591263,1
2025-10-16 18:58:56,4,79.51359927950044,1
2025-10-16 18:58:57,4,78.92922006458639,1
2025-10-16 18:58:58,4,78.22991888323322,1
2025-10-16 18:58:59,4,77.80698052357712,1
2025-10-16 18:59:00,4,77.07233042421349,1
2025-10-16 18:59:01,4,76.96604976094643,1
2025-10-16 18:59:02,4,76.58947970019531,1
2025-10-16 18:59:03,4,75.00295019156655,1
2025-10-16 18:59:04,4,74.98519010231637,1
2025-10-16 18:59:05,4,73.91265047575644,1
2025-10-16 18:59:06,4,73.63641763947871,1
2025-10-16 18:59:07,4,73.42202869425918,1
2025-10-16 18:59:08,4,72.93861659392002,1
2025-10-16 18:59:09,4,72.36600054426142,1
2025-10-16 18:59:10,4,72.30316138731024,1
2025-10-16 18:59:11,4,70.59439193077704,1
2025-10-16 18:59:12,4,70.66333466301106,1
2025-10-16 18:59:13,4,70.1891837196298,1
2025-10-16 18:59:14,4,69.35718732553073,1
2025-10-16 18:59:15,4,68.54810823557611,1
2025-10-16 18:59:16,4,68.4415247747063,1
2025-10-16 18:59:17,4,67.6403672387168,1
2025-10-16 18:59:18,4,66.99446322670062,1
2025-10-16 18:59:19,4,66.6052694121005,1
2025-10-16 18:59:20,4,66.40660293328214,1
2025-10-16 18:59:21,4,65.09710191234527,1
2025-10-16 18:59:22,4,64.72226762719606,1
2025-10-16 18:59:23,4,64.05234883739314,1
2025-10-16 18:59:24,4,64.03596906319562,1
2025-10-16 18:59:25,4,62.85207639313906,1
2025-10-16 18:59:26,4,63.14812202363419,1
2025-10-16 18:59:27,4,61.70155427060504,1
2025-10-16 18:59:28,4,60.94297121905981,1
2025-10-16 18:59:29,4,61.51846255529663,1
2025-10-16 18:59:30,4,60.80360820195907,1
2025-10-16 18:59:31,4,60.23163557850446,1
2025-10-16 18:59:32,4,58.85479404337437,1
2025-10-16 18:59:33,4,58.742291852012194,1
2025-10-16 18:59:34,4,57.936043551744056,1
2025-10-16 18:59:35,4,57.39003677982455,1
2025-10-16 18:59:36,4,56.679183446821945,1
2025-10-16 18:59:37,4,56.167115787317954,1
2025-10-16 18:59:38,4,55.8645139064111,1
2025-10-16 18:59:39,4,54.489475225137326,1
2025-10-16 18:59:40,4,55.22893561569788,1
2025-10-16 18:59:41,4,54.003771919061116,1
2025-10-16 18:59:42,4,53.08826602041281,1
2025-10-16 18:59:43,4,52.95495009197764,1
2025-10-16 18:59:44,4,52.14143998094802,1
2025-10-16 18:59:45,4,51.59036488320341,1
2025-10-16 18:59:46,4,51.238553793885266,1
2025-10-16 18:59:47,4,50.607362099253805,1
2025-10-16 18:59:48,4,49.74806851982775,1
2025-10-16 18:59:49,4,49.10170876077461,1
2025-10-16 18:59:50,4,48.84629681092718,1
2025-10-16 18:59:51,4,47.763154358767856,1
2025-10-16 18:59:52,4,47.254355536351945,1
2025-10-16 18:59:53,4,47.335538345725276,1
2025-10-16 18:59:54,4,46.584463125333095,1
2025-10-16 18:59:55,4,45.91373969862616,1
2025-10-16 18:59:56,4,45.44378203684643,1
2025-10-16 18:59:57,4,44.62467860307458,1
2025-10-16 18:59:58,4,44.1461764157934,1
2025-10-16 18:59:59,4,43.69215418638903,1
2025-10-16 19:00:00,4,43.283931896267916,1
2025-10-16 19:00:01,4,42.493852547580865,1
2025-10-16 19:00:02,4,42.13355894186632,1
2025-10-16 19:07:00,3,90.00275496318699,1
2025-10-16 19:07:01,3,90.27097311879116,1
2025-10-16 19:07:02,3,89.94556429709239,1
2025-10-16 19:07:03,3,89.40050324283035,1
2025-10-16 19:07:04,3,89.20794306717563,1
2025-10-16 19:07:05,3,88.56829503837183,1
2025-10-16 19:07:06,3,88.01744364107357,1
2025-10-16 19:07:07,3,87.44028680577345,1
2025-10-16 19:07:08,3,88.27472306033025,1
2025-10-16 19:07:09,3,87.89260363069192,1
2025-10-16 19:07:10,3,87.08224817160588,1
2025-10-16 19:07:11,3,87.23424908083066,1
2025-10-16 19:07:12,3,86.97694296745378,1
2025-10-16 19:07:13,3,86.81828176008143,1
2025-10-16 19:07:14,3,86.14866723327053,1
2025-10-16 19:07:15,3,86.41227255903087,1
2025-10-16 19:07:16,3,85.27297723196388,1
2025-10-16 19:07:17,3,85.36442046521083,1
2025-10-16 19:07:18,3,85.0647761118208,1
2025-10-16 19:07:19,3,84.7470521568387,1
2025-10-16 19:07:20,3,84.56403781925725,1
2025-10-16 19:07:21,3,84.39109045325132,1
2025-10-16 19:07:22,3,84.156692471038,1
2025-10-16 19:07:23,3,83.27598956905256,1
2025-10-16 19:07:24,3,83.96071351966627,1
2025-10-16 19:07:25,3,83.19142399181833,1
2025-10-16 19:07:26,3,82.72884006317511,1
2025-10-16 19:07:27,3,82.68608972321313,1
2025-10-16 19:07:28,3,82.1490507994846,1
2025-10-16 19:07:29,3,82.27287785759815,1
2025-10-16 19:07:30,3,81.81159828765286,1
2025-10-16 19:07:31,3,81.68933847297109,1
2025-10-16 19:07:32,3,81.65938336073015,1
2025-10-16 19:07:33,3,80.63300240865419,1
2025-10-16 19:07:34,3,80.63547233495312,1
2025-10-16 19:07:35,3,81.27819358379868,1
2025-10-16 19:07:36,3,79.86914853860365,1
2025-10-16 19:07:37,3,80.05509703027764,1
2025-10-16 19:07:38,3,80.20631831538235,1
2025-10-16 19:07:39,3,79.45791758243384,1
2025-10-16 19:07:40,3,79.46176486443676,1
2025-10-16 19:07:41,3,78.96818291809686,1
2025-10-16 19:07:42,3,78.19958024816367,1
2025-10-16 19:07:43,3,78.69820289236534,1
2025-10-16 19:07:44,3,78.04985881619211,1
2025-10-16 19:07:45,3,77.50876431845963,1
2025-10-16 19:07:46,3,76.87292270826538,1
2025-10-16 19:07:47,3,77.1719745556058,1
2025-10-16 19:07:48,3,77.00236647723122,1
2025-10-16 19:07:49,3,76.24776105859897,1
2025-10-16 19:07:50,3,76.71997826479776,1
2025-10-16 19:07:51,3,75.70117833673929,1
2025-10-16 19:07:52,3,76.22776507016152,1
2025-10-16 19:07:53,3,75.62806455054168,1
2025-10-16 19:07:54,3,75.34195095486466,1
2025-10-16 19:07:55,3,75.20478698881016,1
2025-10-16 19:07:56,3,75.00831222205368,1
2025-10-16 19:07:57,3,74.3947832081343,1
2025-10-16 19:07:58,3,74.24385390395383,1
2025-10-16 19:07:59,3,73.96974365581647,1
2025-10-16 19:08:00,3,73.95889488621548,1
2025-10-16 19:08:01,3,73.52587202096612,1
2025-10-16 19:08:02,3,73.1645574516084,1
2025-10-16 19:08:03,3,72.94930414756115,1
2025-10-16 19:08:04,3,72.40605698973906,1
2025-10-16 19:08:05,3,72.08330045565329,1
2025-10-16 19:08:06,3,71.46812010721831,1
2025-10-16 19:08:07,3,72.02620516591826,1
2025-10-16 19:08:08,3,71.397736671472,1
2025-10-16 19:08:09,3,71.01123543404096,1
2025-10-16 19:08:10,3,70.81563845512834,1
2025-10-16 19:08:11,3,70.63244587934447,1
2025-10-16 19:08:12,3,70.59100661659278,1
2025-10-16 19:08:13,3,70.30029022771771,1
2025-10-16 19:08:14,3,69.65100763645756,1
2025-10-16 19:08:15,3,69.1166468645636,1
2025-10-16 19:08:16,3,69.02592828499799,1
2025-10-16 19:08:17,3,68.83743055560424,1
2025-10-16 19:08:18,3,69.0868565810005,1
2025-10-16 19:08:19,3,68.79065016150571,1
2025-10-16 19:08:20,3,68.50214262972011,1
2025-10-16 19:08:21,3,68.09505217926498,1
2025-10-16 19:08:22,3,67.67751847945262,1
2025-10-16 19:08:23,3,67.08697221718774,1
2025-10-16 19:08:24,3,67.31474267914261,1
2025-10-16 19:08:25,3,66.88582664618016,1
2025-10-16 19:08:26,3,66.18258209019888,1
2025-10-16 19:08:27,3,65.97058229273433,1
2025-10-16 19:08:28,3,66.00702807034467,1
2025-10-16 19:08:29,3,66.34801187586177,1
2025-10-16 19:08:30,3,65.31820804788175,1
2025-10-16 19:08:31,3,65.30202683120137,1
2025-10-16 19:08:32,3,64.6771716056421,1
2025-10-16 19:08:33,3,64.69970963732999,1
2025-10-16 19:08:34,3,64.36522627456114,1
2025-10-16 19:08:35,3,63.99115997542579,1
2025-10-16 19:08:36,3,63.8721887939049,1
2025-10-16 19:08:37,3,63.51653557262894,1
2025-10-16 19:08:38,3,63.19274823848526,1
2025-10-16 19:08:39,3,63.17343271569199,1
2025-10-16 19:08:40,3,62.46439575006844,1
2025-10-16 19:08:41,3,62.70474943879494,1
2025-10-16 19:08:42,3,62.76796898762103,1
2025-10-16 19:08:43,3,62.29340307632175,1
2025-10-16 19:08:44,3,61.571069994525736,1
2025-10-16 19:08:45,3,61.115658878173036,1
2025-10-16 19:08:46,3,61.027876400122196,1
2025-10-16 19:08:47,3,60.72720781124258,1
2025-10-16 19:08:48,3,60.66822060242096,1
2025-10-16 19:08:49,3,60.29963725798393,1
2025-10-16 19:08:50,3,59.61034179453297,1
2025-10-16 19:08:51,3,59.709192945285004,1
2025-10-16 19:08:52,3,59.25820106842061,1
2025-10-16 19:08:53,3,59.82663104021342,1
2025-10-16 19:08:54,3,58.99515277419497,1
2025-10-16 19:08:55,3,58.61305682516117,1
2025-10-16 19:08:56,3,58.22186016601796,1
2025-10-16 19:08:57,3,58.04482592818515,1
2025-10-16 19:08:58,3,58.17012059639295,1
2025-10-16 19:08:59,3,57.658245871286034,1
2025-10-16 19:09:00,3,56.718887004346946,1
2025-10-16 19:09:01,3,56.88133417814594,1
2025-10-16 19:09:02,3,56.36667546065091,1
2025-10-16 19:09:03,3,56.43658240265459,1
2025-10-16 19:09:04,3,56.24262943772846,1
2025-10-16 19:09:05,3,55.91841726040401,1
2025-10-16 19:09:06,3,55.39884582764623,1
2025-10-16 19:09:07,3,55.51379468966585,1
2025-10-16 19:09:08,3,55.13071805992395,1
2025-10-16 19:09:09,3,54.66361792009011,1
2025-10-16 19:09:10,3,54.390159551968715,1
2025-10-16 19:09:11,3,54.38706734596432,1
2025-10-16 19:09:12,3,53.712752335904014,1
2025-10-16 19:09:13,3,53.0851107495054,1
2025-10-16 19:09:14,3,53.67195387021399,1
2025-10-16 19:09:15,3,53.465690840959006,1
2025-10-16 19:09:16,3,52.78148083716959,1
2025-10-16 19:09:17,3,52.33539311445309,1
2025-10-16 19:09:18,3,52.24355342549131,1
2025-10-16 19:09:19,3,51.782181042117635,1
2025-10-16 19:09:20,3,51.81761022684798,1
2025-10-16 19:09:21,3,51.33615660571916,1
2025-10-16 19:09:22,3,51.215042402790424,1
2025-10-16 19:09:23,3,50.760105937003125,1
2025-10-16 19:09:24,3,50.70927217434314,1
2025-10-16 19:09:25,3,51.15351650595981,1
2025-10-16 19:09:26,3,50.474765153922185,1
2025-10-16 19:09:27,3,50.035824759196665,1
2025-10-16 19:09:28,3,49.45549397053293,1
2025-10-16 19:09:29,3,48.94753226167241,1
2025-10-16 19:09:30,3,49.00777805384818,1
2025-10-16 19:09:31,3,49.02709456731594,1
2025-10-16 19:09:32,3,48.19240736956259,1
2025-10-16 20:13:49,3,89.8601633612575,1
2025-10-16 20:13:50,3,89.08022497254,1
2025-10-16 20:13:51,3,89.30409689340176,1
2025-10-16 20:13:52,3,89.45678035928456,1
2025-10-16 20:13:53,3,88.33314263421326,1
2025-10-16 20:13:54,3,87.71086687501607,1
2025-10-16 20:13:55,3,87.68882301905937,1
2025-10-16 20:13:56,3,86.56639973191558,1
2025-10-16 20:13:57,3,86.42883652008501,1
2025-10-16 20:13:58,3,85.93948200949892,1
2025-10-16 20:13:59,3,85.5866356754677,1
2025-10-16 20:14:00,3,84.87041763169273,1
2025-10-16 20:14:01,3,84.77901725351636,1
2025-10-16 20:14:02,3,84.05732228011851,1
2025-10-16 20:14:03,3,83.67007596758928,1
2025-10-16 20:14:04,3,83.32674599548263,1
2025-10-16 20:14:05,3,82.97571058804509,1
2025-10-16 20:14:06,3,82.73636346324194,1
2025-10-16 20:14:07,3,81.93329715785005,1
2025-10-16 20:14:08,3,81.41137924681439,1
2025-10-16 20:14:09,3,81.24430667048001,1
2025-10-16 20:14:10,3,80.6183855164881,1
2025-10-16 20:14:11,3,81.18937170113149,1
2025-10-16 20:14:12,3,79.86718747374094,1
2025-10-16 20:14:13,3,79.32162541495586,1
2025-10-16 20:14:14,3,78.70547931767372,1
2025-10-16 20:14:15,3,78.46829877080567,1
2025-10-16 20:14:16,3,78.1650385233832,1
2025-10-16 20:14:17,3,77.73581219640677,1
2025-10-16 20:14:18,3,77.11531256474858,1
2025-10-16 20:14:19,3,76.36004348154418,1
2025-10-16 20:14:20,3,76.55405524989547,1
2025-10-16 20:14:21,3,75.6599770297432,1
2025-10-16 20:14:22,3,75.69150640301854,1
2025-10-16 20:14:23,3,74.58120399734935,1
2025-10-16 20:14:24,3,74.52388908818922,1
2025-10-16 20:14:25,3,73.86012699204706,1
2025-10-16 20:14:26,3,73.66256236875574,1
2025-10-16 20:14:27,3,72.77503848277281,1
2025-10-16 20:14:28,3,72.73238953621555,1
2025-10-16 20:14:29,3,72.41184392961365,1
2025-10-16 20:14:30,3,71.16756799015967,1
2025-10-16 20:14:31,3,70.80242749320693,1
2025-10-16 20:14:32,3,70.99528162855275,1
2025-10-16 20:14:33,3,69.46164928985965,1
2025-10-16 20:14:34,3,69.83122877762386,1
2025-10-16 20:14:35,3,69.76440491123078,1
2025-10-16 20:14:36,3,69.66111512401552,1
2025-10-16 20:14:37,3,69.0150360649697,1
2025-10-16 20:14:38,3,67.61430583085031,1
2025-10-16 20:14:39,3,67.38458366035924,1
2025-10-16 20:14:40,3,67.04199777041104,1
2025-10-16 20:14:41,3,66.90872172642845,1
2025-10-16 20:14:42,3,66.46042487481822,1
2025-10-16 20:14:43,3,66.05070887253801,1
2025-10-16 20:14:44,3,65.85842639613654,1
2025-10-16 20:14:45,3,64.95353582101237,1
2025-10-16 20:14:46,3,64.90484225565906,1
2025-10-16 20:14:47,3,64.38203003957226,1
2025-10-16 20:14:48,3,63.58374920518953,1
2025-10-16 20:14:49,3,63.22422949430058,1
2025-10-16 20:14:50,3,62.34053366865378,1
2025-10-16 20:14:51,3,62.667891057687854,1
2025-10-16 20:14:52,3,61.848748084696695,1
2025-10-16 20:14:53,3,61.679532968376094,1
2025-10-16 20:14:54,3,61.101981149183985,1
2025-10-16 20:14:55,3,60.56842475004501,1
2025-10-16 20:14:56,3,60.065309370415676,1
2025-10-16 20:14:57,3,59.431776318533544,1
2025-10-16 20:14:58,3,58.869162785512934,1
2025-10-16 20:14:59,3,59.199702681033465,1
2025-10-16 20:15:00,3,58.243230886769176,1
2025-10-16 20:15:01,3,57.609313129411895,1
2025-10-16 20:15:02,3,57.21628996703622,1
2025-10-16 20:15:03,3,57.25948076393894,1
2025-10-16 20:15:04,3,56.34755350164179,1
2025-10-16 20:15:05,3,56.038109219569854,1
2025-10-16 20:15:06,3,56.06675054658408,1
2025-10-16 20:15:07,3,55.216007683926414,1
2025-10-16 20:15:08,3,54.42425363072227,1
2025-10-16 20:15:09,3,54.578407436110034,1
2025-10-16 20:15:10,3,53.76092905741449,1
2025-10-16 20:15:11,3,53.67337297267741,1
2025-10-16 20:15:12,3,52.549408134526175,1
2025-10-16 20:15:13,3,52.77993529191085,1
2025-10-16 20:15:14,3,52.563188725974385,1
2025-10-16 20:15:15,3,51.48748361934096,1
2025-10-16 20:17:29,3,90.21588983832939,1
2025-10-16 20:17:30,3,89.729024947984,1
2025-10-16 20:17:31,3,89.34423015486244,1
2025-10-16 20:17:32,3,89.19022782619979,1
2025-10-16 20:17:33,3,88.35680668711215,1
2025-10-16 20:17:34,3,89.13662473988306,1
2025-10-16 20:17:35,3,88.37461123509567,1
2025-10-16 20:17:36,3,88.12981231331015,1
2025-10-16 20:17:37,3,88.7446717044723,1
2025-10-16 20:17:38,3,87.47009164724606,1
2025-10-16 20:17:39,3,87.5063387928335,1
2025-10-16 20:17:40,3,87.26818933205095,1
2025-10-16 20:17:41,3,86.75315044601919,1
2025-10-16 20:17:42,3,86.4809968025298,1
2025-10-16 20:17:43,3,86.79917515093697,1
2025-10-16 20:17:44,3,86.30789430485329,1
2025-10-16 20:17:45,3,86.3717175515908,1
2025-10-16 20:17:46,3,86.0193791329435,1
2025-10-16 20:17:47,3,85.67699781271483,1
2025-10-16 20:17:48,3,85.8925289022088,1
2025-10-16 20:17:49,3,85.40402967241874,1
2025-10-16 20:17:50,3,85.06543591172203,1
2025-10-16 20:17:51,3,84.11422476943524,1
2025-10-16 20:17:52,3,85.52870933558727,1
2025-10-16 20:17:53,3,84.31240464666033,1
2025-10-16 20:17:54,3,84.74102916668187,1
2025-10-16 20:17:55,3,83.79238792261886,1
2025-10-16 20:17:56,3,83.01603433081456,1
2025-10-16 20:17:57,3,83.4317467447299,1
2025-10-16 20:17:58,3,83.17675709806242,1
2025-10-16 20:17:59,3,83.3845467965883,1
2025-10-16 20:18:00,3,82.29489325703528,1
2025-10-16 20:18:01,3,82.11619029554399,1
2025-10-16 20:18:02,3,81.62266126630416,1
2025-10-16 20:18:03,3,82.13323029248873,1
2025-10-16 20:18:04,3,81.61075464309376,1
2025-10-16 20:18:05,3,80.80244692390289,1
2025-10-16 20:18:06,3,81.403297005588,1
2025-10-16 20:18:07,3,81.68399770790776,1
2025-10-16 20:18:08,3,80.49504896289709,1
2025-10-16 20:18:09,3,80.77364627200733,1
2025-10-16 20:18:10,3,81.05569663332511,1
2025-10-16 20:18:11,3,80.2424321287358,1
2025-10-16 20:18:12,3,79.85730467264467,1
2025-10-16 20:18:13,3,79.74786730540579,1
2025-10-16 20:18:14,3,79.93663847381026,1
2025-10-16 20:18:15,3,79.3017775124449,1
2025-10-16 20:18:16,3,78.85574084697444,1
2025-10-16 20:18:17,3,79.28919098981872,1
2025-10-16 20:18:18,3,78.49699990163094,1
2025-10-16 20:18:19,3,77.74246059667891,1
2025-10-16 20:18:20,3,78.3694919989392,1
2025-10-16 20:18:21,3,77.57014014609446,1
2025-10-16 20:18:22,3,77.0843473197032,1
2025-10-16 20:18:23,3,77.54627485922643,1
2025-10-16 20:18:24,3,77.19729406516474,1
2025-10-16 20:18:25,3,77.09412908903974,1
2025-10-16 20:18:26,3,76.94186041396239,1
2025-10-16 20:18:27,3,76.93217091832149,1
2025-10-16 20:18:28,3,76.08614860206896,1
2025-10-16 20:18:29,3,76.06628559725557,1
2025-10-16 20:18:30,3,75.49637559405237,1
2025-10-16 20:18:31,3,74.92576579757682,1
2025-10-16 20:18:32,3,75.40059387145328,1
2025-10-16 20:18:33,3,75.43528790606258,1
2025-10-16 20:18:34,3,74.20392836298234,1
2025-10-16 20:18:35,3,74.7543696988688,1
2025-10-16 20:18:36,3,74.04354631811566,1
2025-10-16 20:18:37,3,74.01840096420801,1
2025-10-16 20:18:38,3,73.41479035435357,1
2025-10-16 20:18:39,3,73.70052118900907,1
2025-10-16 20:18:40,3,73.2430729821533,1
2025-10-16 20:18:41,3,73.62936175320083,1
2025-10-16 20:18:42,3,72.99544155703695,1
2025-10-16 20:18:43,3,72.19203718345304,1
2025-10-16 20:18:44,3,72.3889603996078,1
2025-10-16 20:18:45,3,71.9606313250694,1
2025-10-16 20:18:46,3,72.05432130086044,1
2025-10-16 20:18:47,3,71.24440362558765,1
2025-10-16 20:18:48,3,71.19065944626927,1
2025-10-16 20:18:49,3,71.11669883816715,1
2025-10-16 20:18:50,3,71.15795625489345,1
2025-10-16 20:18:51,3,70.81605069881029,1
2025-10-16 20:18:52,3,70.85135222127312,1
2025-10-16 20:18:53,3,69.95942083185115,1
2025-10-16 20:18:54,3,69.38187542818837,1
2025-10-16 20:18:55,3,69.49356765800405,1
2025-10-16 20:18:56,3,69.89806125065266,1
2025-10-16 20:18:57,3,69.39532531041054,1
2025-10-16 20:18:58,3,69.44272614469442,1
2025-10-16 20:18:59,3,68.34947091045194,1
2025-10-16 20:19:00,3,68.45681610614199,1
2025-10-16 20:19:01,3,68.4374692414213,1
2025-10-16 20:19:02,3,68.33238634360207,1
2025-10-16 20:19:03,3,67.69143364875127,1
2025-10-16 20:19:04,3,67.08424947726624,1
2025-10-16 20:19:05,3,67.37562161025315,1
2025-10-16 20:19:06,3,67.62401449226891,1
2025-10-16 20:19:07,3,67.21578993850514,1
2025-10-16 20:19:08,3,66.84533044951606,1
2025-10-16 20:19:09,3,66.50914134104421,1
2025-10-16 20:19:10,3,66.1025057655207,1
2025-10-16 20:19:11,3,66.21386289489904,1
2025-10-16 20:19:12,3,65.80027669821341,1
2025-10-16 20:19:13,3,65.5593801326565,1
2025-10-16 20:19:14,3,65.59314399522682,1
2025-10-16 20:19:15,3,64.51811013020296,1
2025-10-16 20:19:16,3,65.4409374185148,1
2025-10-16 20:19:17,3,64.42893737923121,1
2025-10-16 20:19:18,3,64.3878591879517,1
2025-10-16 20:19:19,3,63.958011720451324,1
2025-10-16 20:19:20,3,64.07527541517504,1
2025-10-16 20:19:21,3,63.795271203741144,1
2025-10-16 20:19:22,3,62.98155045669025,1
2025-10-16 20:19:23,3,63.229236020480506,1
2025-10-16 20:19:24,3,62.638566602669684,1
2025-10-16 20:19:25,3,62.40680485194781,1
2025-10-16 20:19:26,3,63.30154577072398,1
2025-10-16 20:19:27,3,62.36582626279769,1
2025-10-16 20:19:28,3,62.00428953455992,1
2025-10-16 20:19:29,3,61.83574617975247,1
2025-10-16 20:19:30,3,61.20833964647323,1
2025-10-16 20:19:31,3,60.57405136722329,1
2025-10-16 20:19:32,3,60.62803807503778,1
2025-10-16 20:19:33,3,60.626252179910445,1
2025-10-16 20:19:34,3,61.012936991427885,1
2025-10-16 20:19:35,3,60.33349064429434,1
2025-10-16 20:19:36,3,60.29564382309087,1
2025-10-16 20:19:37,3,59.4869625212642,1
2025-10-16 20:19:38,3,59.33917376662673,1
2025-10-16 20:19:39,3,59.58620846886934,1
2025-10-16 20:19:40,3,59.36751061075956,1
2025-10-16 20:19:41,3,58.67758509394324,1
2025-10-16 20:19:42,3,58.873338511046704,1
2025-10-16 20:19:43,3,58.073410347754866,1
2025-10-16 20:19:44,3,57.88805526174185,1
2025-10-16 20:19:45,3,57.747697142144894,1
2025-10-16 20:19:46,3,57.95902194805609,1
2025-10-16 20:19:47,3,57.770602879464086,1
2025-10-16 20:19:48,3,57.44400654972521,1
2025-10-16 20:19:49,3,57.27632989098831,1
2025-10-16 20:19:50,3,56.98087612520043,1
2025-10-16 20:19:51,3,56.308703754489024,1
2025-10-16 20:19:52,3,56.36589696886618,1
2025-10-16 20:19:53,3,56.301584606984996,1
